[
  {
    "id": 0,
    "videoIndex": 0,
    "channel": "央视频道",
    "logo": "https://resources.yangshipin.cn/assets/oms/image/202306/d57905b93540bd15f0c48230dbbbff7ee0d645ff539e38866e2d15c8b9f7dfcd.png?imageMogr2/format/webp",
    "pid": "600001859",
    "sid": "2000210103",
    "programId": "600001859",
    "needToken": false,
    "mustToken": false,
    "title": "CCTV1 综合",
    "videoUrl": [
      "http://dbiptv.sn.chinamobile.com/PLTV/88888890/224/3221226231/index.m3u8"
    ]
  },
  {
    "id": 1,
    "videoIndex": 0,
    "channel": "央视频道",
    "logo": "https://resources.yangshipin.cn/assets/oms/image/202306/20115388de0207131af17eac86c33049b95d69eaff064e55653a1b941810a006.png?imageMogr2/format/webp",
    "pid": "600001800",
    "sid": "2000203603",
    "programId": "600001800",
    "needToken": true,
    "mustToken": false,
    "title": "CCTV2 财经",
    "videoUrl": [
      "http://dbiptv.sn.chinamobile.com/PLTV/88888890/224/3221226195/index.m3u8"
    ]
  },
  {
    "id": 2,
    "videoIndex": 0,
    "channel": "央视频道",
    "logo": "https://resources.yangshipin.cn/assets/oms/image/202306/7b7a65c712450da3deb6ca66fbacf4f9aee00d3f20bd80eafb5ada01ec63eb3a.png?imageMogr2/format/webp",
    "pid": "600001801",
    "sid": "2000203803",
    "programId": "600001801",
    "needToken": true,
    "mustToken": true,
    "title": "CCTV3 综艺",
    "videoUrl": [
      "http://dbiptv.sn.chinamobile.com/PLTV/88888890/224/3221226397/index.m3u8"
    ]
  },
  {
    "id": 3,
    "videoIndex": 0,
    "channel": "央视频道",
    "logo": "https://resources.yangshipin.cn/assets/oms/image/202306/f357e58fdbcc076a3d65e1f958c942b2e14f14342c60736ceed98b092d35356a.png?imageMogr2/format/webp",
    "pid": "600001814",
    "sid": "2000204803",
    "programId": "600001814",
    "needToken": false,
    "mustToken": false,
    "title": "CCTV4 中文国际",
    "videoUrl": [
      "http://39.134.24.161/dbiptv.sn.chinamobile.com/PLTV/88888890/224/3221226191/index.m3u8",
      "http://dbiptv.sn.chinamobile.com/PLTV/88888890/224/3221226191/index.m3u8"
    ]
  },
  {
    "id": 4,
    "videoIndex": 0,
    "channel": "央视频道",
    "logo": "https://resources.yangshipin.cn/assets/oms/image/202306/0a6a7138952675983a3d854df7688557b286d59aa06166edae51506f9204d655.png?imageMogr2/format/webp",
    "pid": "600001818",
    "sid": "2000205103",
    "programId": "600001818",
    "needToken": true,
    "mustToken": false,
    "title": "CCTV5 体育",
    "videoUrl": [
      "http://dbiptv.sn.chinamobile.com/PLTV/88888890/224/3221226395/index.m3u8"
    ]
  },
  {
    "id": 5,
    "videoIndex": 0,
    "channel": "央视频道",
    "logo": "https://resources.yangshipin.cn/assets/oms/image/202306/741515efda91f03f455df8a7da4ee11fa9329139c276435cf0a9e2af398d5bf2.png?imageMogr2/format/webp",
    "pid": "600001802",
    "sid": "2013693901",
    "programId": "600001802",
    "needToken": true,
    "mustToken": true,
    "title": "CCTV6 电影",
    "videoUrl": [
      "http://dbiptv.sn.chinamobile.com/PLTV/88888890/224/3221226393/index.m3u8"
    ]
  },
  {
    "id": 6,
    "videoIndex": 0,
    "channel": "央视频道",
    "logo": "https://resources.yangshipin.cn/assets/oms/image/202306/b29af94e295ebdf646cefb68122c429b9cd921f498ca20d2d8070252536f9ff9.png?imageMogr2/format/webp",
    "pid": "600004092",
    "sid": "2000510003",
    "programId": "600004092",
    "needToken": true,
    "mustToken": false,
    "title": "CCTV7 国防军事",
    "videoUrl": [
      "http://dbiptv.sn.chinamobile.com/PLTV/88888890/224/3221226192/index.m3u8"
    ]
  },
  {
    "id": 7,
    "videoIndex": 0,
    "channel": "央视频道",
    "logo": "https://resources.yangshipin.cn/assets/oms/image/202306/ad51de94426a0ba039e6dd6a8534ea98ecc813a6176bde87b4f18cc34d6d7590.png?imageMogr2/format/webp",
    "pid": "600001803",
    "sid": "2000203903",
    "programId": "600001803",
    "needToken": true,
    "mustToken": true,
    "title": "CCTV8 电视剧",
    "videoUrl": [
      "http://dbiptv.sn.chinamobile.com/PLTV/88888890/224/3221226391/index.m3u8"
    ]
  },
  {
    "id": 8,
    "videoIndex": 0,
    "channel": "央视频道",
    "logo": "https://resources.yangshipin.cn/assets/oms/image/202306/2ed1b4deeca179d5db806bb941790f82eb92a1b7299c1c38fe027f95a5caee5e.png?imageMogr2/format/webp",
    "pid": "600004078",
    "sid": "2000499403",
    "programId": "600004078",
    "needToken": true,
    "mustToken": false,
    "title": "CCTV9 记录",
    "videoUrl": [
      "http://dbiptv.sn.chinamobile.com/PLTV/88888890/224/3221226197/index.m3u8"
    ]
  },
  {
    "id": 9,
    "videoIndex": 0,
    "channel": "央视频道",
    "logo": "https://resources.yangshipin.cn/assets/oms/image/202306/aa6157ec65188cd41826e5a2f088c3d6d153205f5f6428258d12c59999e221aa.png?imageMogr2/format/webp",
    "pid": "600001805",
    "sid": "2000203503",
    "programId": "600001805",
    "needToken": true,
    "mustToken": false,
    "title": "CCTV10 科教",
    "videoUrl": [
      "http://dbiptv.sn.chinamobile.com/PLTV/88888890/224/3221226189/index.m3u8"
    ]
  },
  {
    "id": 10,
    "videoIndex": 0,
    "channel": "央视频道",
    "logo": "https://resources.yangshipin.cn/assets/oms/image/202306/ed12ed7c7a1034dae4350011fe039284c5d5a836506b28c9e32e3c75299625c0.png?imageMogr2/format/webp",
    "pid": "600001806",
    "sid": "2000204103",
    "programId": "600001806",
    "needToken": true,
    "mustToken": false,
    "title": "CCTV11 戏曲",
    "videoUrl": [
      "http://dbiptv.sn.chinamobile.com/PLTV/88888890/224/3221226240/index.m3u8"
    ]
  },
  {
    "id": 11,
    "videoIndex": 0,
    "channel": "央视频道",
    "logo": "https://resources.yangshipin.cn/assets/oms/image/202306/484083cffaa40df7e659565e8cb4d1cc740158a185512114167aa21fa0c59240.png?imageMogr2/format/webp",
    "pid": "600001807",
    "sid": "2000202603",
    "programId": "600001807",
    "needToken": true,
    "mustToken": false,
    "title": "CCTV12 社会与法",
    "videoUrl": [
      "http://dbiptv.sn.chinamobile.com/PLTV/88888890/224/3221226190/index.m3u8"
    ]
  },
  {
    "id": 12,
    "videoIndex": 0,
    "channel": "央视频道",
    "logo": "https://resources.yangshipin.cn/assets/oms/image/202306/266da7b43c03e2312186b4a999e0f060e8f15b10d2cc2c9aa32171819254cf1a.png?imageMogr2/format/webp",
    "pid": "600001811",
    "sid": "2000204603",
    "programId": "600001811",
    "needToken": false,
    "mustToken": false,
    "title": "CCTV13 新闻",
    "videoUrl": [
      "https://live-play.cctvnews.cctv.com/cctv/merge_cctv13.m3u8",
      "http://dbiptv.sn.chinamobile.com/PLTV/88888890/224/3221226233/index.m3u8"
    ]
  },
  {
    "id": 13,
    "videoIndex": 0,
    "channel": "央视频道",
    "logo": "https://resources.yangshipin.cn/assets/oms/image/202306/af6b603896938dc346fbb16abfc63c12cba54b0ec9d18770a15d347d115f12d5.png?imageMogr2/format/webp",
    "pid": "600001809",
    "sid": "2000204403",
    "programId": "600001809",
    "needToken": true,
    "mustToken": false,
    "title": "CCTV14 少儿",
    "videoUrl": [
      "http://dbiptv.sn.chinamobile.com/PLTV/88888890/224/3221226193/index.m3u8"
    ]
  },
  {
    "id": 14,
    "videoIndex": 0,
    "channel": "央视频道",
    "logo": "https://resources.yangshipin.cn/assets/oms/image/202306/2ceee92188ef684efe0d8b90839c4f3ad450d179dc64d59beff417059453af47.png?imageMogr2/format/webp",
    "pid": "600001815",
    "sid": "2000205003",
    "programId": "600001815",
    "needToken": true,
    "mustToken": false,
    "title": "CCTV15 音乐",
    "videoUrl": [
      "http://dbiptv.sn.chinamobile.com/PLTV/88888890/224/3221225785/index.m3u8"
    ]
  },
  {
    "id": 15,
    "videoIndex": 0,
    "channel": "央视频道",
    "logo": "https://resources.yangshipin.cn/assets/oms/image/202306/53793fa7bacd3a93ff6dc5d2758418985e1f952a316c335d663b572d8bdcd74d.png?imageMogr2/format/webp",
    "pid": "600098637",
    "sid": "2012375003",
    "programId": "600098637",
    "needToken": true,
    "mustToken": false,
    "title": "CCTV16 奥林匹克",
    "videoUrl": [
      "http://39.134.24.162/dbiptv.sn.chinamobile.com/PLTV/88888890/224/3221226921/index.m3u8",
      "http://dbiptv.sn.chinamobile.com/PLTV/88888890/224/3221226921/index.m3u8"
    ]
  },
  {
    "id": 16,
    "videoIndex": 0,
    "channel": "央视频道",
    "logo": "https://resources.yangshipin.cn/assets/oms/image/202306/ddef563072f8bad2bea5b9e52674cb7b4ed50efb20c26e61994dfbdf05c1e3c0.png?imageMogr2/format/webp",
    "pid": "600001810",
    "sid": "2000204203",
    "programId": "600001810",
    "needToken": true,
    "mustToken": false,
    "title": "CCTV17 农业农村",
    "videoUrl": [
      "http://dbiptv.sn.chinamobile.com/PLTV/88888890/224/3221226198/index.m3u8"
    ]
  },
  {
    "id": 17,
    "videoIndex": 0,
    "channel": "央视频道",
    "logo": "https://resources.yangshipin.cn/assets/oms/image/202306/649ad76a90bfef55b05db9fe52e006487280f619089099d5dc971e387fc6eff0.png?imageMogr2/format/webp",
    "pid": "600001817",
    "sid": "2000204503",
    "programId": "600001817",
    "needToken": true,
    "mustToken": false,
    "title": "CCTV5+ 体育赛事",
    "videoUrl": [
      "http://dbiptv.sn.chinamobile.com/PLTV/88888890/224/3221226221/index.m3u8"
    ]
  },
  {
    "id": 18,
    "videoIndex": 0,
    "channel": "央视频道",
    "logo": "https://resources.yangshipin.cn/assets/oms/image/202306/3e9d06fd7244d950df5838750f1c6ac3456e172b51caca2c16d2282125b111e8.png?imageMogr2/format/webp",
    "pid": "600002264",
    "sid": "2000266303",
    "programId": "600002264",
    "needToken": true,
    "mustToken": false,
    "title": "CCTV4K 超高清",
    "videoUrl": [
      ""
    ]
  },
  {
    "id": 19,
    "videoIndex": 0,
    "channel": "央视频道",
    "logo": "",
    "pid": "600156816",
    "sid": "2020603421",
    "programId": "",
    "needToken": false,
    "mustToken": false,
    "title": "CCTV8K 超高清",
    "videoUrl": [
      ""
    ]
  },
  {
    "id": 20,
    "videoIndex": 0,
    "channel": "央视频道",
    "logo": "https://resources.yangshipin.cn/assets/oms/image/202306/4d549e53e6d0f632d5a633d1945280797b153e588f919221a07faa869812cc89.png?imageMogr2/format/webp",
    "pid": "600099658",
    "sid": "2012513603",
    "programId": "600099658",
    "needToken": true,
    "mustToken": true,
    "title": "风云剧场",
    "videoUrl": [
      "http://dbiptv.sn.chinamobile.com/PLTV/88888893/224/3221226950/index.m3u8"
    ]
  },
  {
    "id": 21,
    "videoIndex": 0,
    "channel": "央视频道",
    "logo": "https://resources.yangshipin.cn/assets/oms/image/202306/a556bd7d93ce65e18f243a8892b5604f4faa994a4897315914216a710a706208.png?imageMogr2/format/webp",
    "pid": "600099655",
    "sid": "2012514403",
    "programId": "600099655",
    "needToken": true,
    "mustToken": true,
    "title": "第一剧场",
    "videoUrl": [
      "http://dbiptv.sn.chinamobile.com/PLTV/88888893/224/3221226959/index.m3u8"
    ]
  },
  {
    "id": 22,
    "videoIndex": 0,
    "channel": "央视频道",
    "logo": "https://resources.yangshipin.cn/assets/oms/image/202306/5661bd04fecdb6e899f801147a22ab5d3a475bf2b62e30aec2c0023190ebc9b1.png?imageMogr2/format/webp",
    "pid": "600099620",
    "sid": "2012511203",
    "programId": "600099620",
    "needToken": true,
    "mustToken": true,
    "title": "怀旧剧场",
    "videoUrl": [
      "http://dbiptv.sn.chinamobile.com/PLTV/88888893/224/3221226972/index.m3u8"
    ]
  },
  {
    "id": 23,
    "videoIndex": 0,
    "channel": "央视频道",
    "logo": "https://resources.yangshipin.cn/assets/oms/image/202306/bb3c6c9e145d698137f5bb64a582021a01b51344b929003630eb769ea65832a9.png?imageMogr2/format/webp",
    "pid": "600099637",
    "sid": "2012513303",
    "programId": "600099637",
    "needToken": true,
    "mustToken": true,
    "title": "世界地理",
    "videoUrl": [
      ""
    ]
  },
  {
    "id": 24,
    "videoIndex": 0,
    "channel": "央视频道",
    "logo": "https://resources.yangshipin.cn/assets/oms/image/202306/bbf1d024c5228b8dd128b0e3cb1717d173fab4ee84c3a4c8a57b1a215362ca3b.png?imageMogr2/format/webp",
    "pid": "600099660",
    "sid": "2012514103",
    "programId": "600099660",
    "needToken": true,
    "mustToken": true,
    "title": "风云音乐",
    "videoUrl": [
      "http://dbiptv.sn.chinamobile.com/PLTV/88888893/224/3221226953/index.m3u8"
    ]
  },
  {
    "id": 25,
    "videoIndex": 0,
    "channel": "央视频道",
    "logo": "https://resources.yangshipin.cn/assets/oms/image/202306/4c6b6a6d3839889f34d33db3c2f80233b26b74d3489b393487635f8704e70796.png?imageMogr2/format/webp",
    "pid": "600099649",
    "sid": "2012513403",
    "programId": "600099649",
    "needToken": true,
    "mustToken": true,
    "title": "兵器科技",
    "videoUrl": [
      "http://dbiptv.sn.chinamobile.com/PLTV/88888893/224/3221226975/index.m3u8"
    ]
  },
  {
    "id": 26,
    "videoIndex": 0,
    "channel": "央视频道",
    "logo": "https://resources.yangshipin.cn/assets/oms/image/202306/cd1e2bb52b06a991de168733e5ff0f1d85adc8042d40c8f393f723543e5dd08a.png?imageMogr2/format/webp",
    "pid": "600099636",
    "sid": "2012514203",
    "programId": "600099636",
    "needToken": true,
    "mustToken": true,
    "title": "风云足球",
    "videoUrl": [
      "http://dbiptv.sn.chinamobile.com/PLTV/88888893/224/3221226984/index.m3u8"
    ]
  },
  {
    "id": 27,
    "videoIndex": 0,
    "channel": "央视频道",
    "logo": "https://resources.yangshipin.cn/assets/oms/image/202306/cdd1b31ede7a5ad049ed53d9a072422f829e72dd062ed2c19e077fdd01699071.png?imageMogr2/format/webp",
    "pid": "600099659",
    "sid": "2012512503",
    "programId": "600099659",
    "needToken": true,
    "mustToken": true,
    "title": "高尔夫网球",
    "videoUrl": [
      "http://dbiptv.sn.chinamobile.com/PLTV/88888893/224/3221226978/index.m3u8"
    ]
  },
  {
    "id": 28,
    "videoIndex": 0,
    "channel": "央视频道",
    "logo": "https://resources.yangshipin.cn/assets/oms/image/202306/fa28955ce8b2539d728bf4c6a13a46ff57ad76eae46627f7bcfb1ed8a613d3fc.png?imageMogr2/format/webp",
    "pid": "600099650",
    "sid": "2012513903",
    "programId": "600099650",
    "needToken": true,
    "mustToken": true,
    "title": "女性时尚",
    "videoUrl": [
      "http://dbiptv.sn.chinamobile.com/PLTV/88888893/224/3221226969/index.m3u8"
    ]
  },
  {
    "id": 29,
    "videoIndex": 0,
    "channel": "央视频道",
    "logo": "https://resources.yangshipin.cn/assets/oms/image/202306/14ac5ce40482cacd3d4b37435222bfe86af2b452a2f04ecbfc1d13d76edd7c57.png?imageMogr2/format/webp",
    "pid": "600099653",
    "sid": "2012513803",
    "programId": "600099653",
    "needToken": true,
    "mustToken": true,
    "title": "央视文化精品",
    "videoUrl": [
      "http://dbiptv.sn.chinamobile.com/PLTV/88888893/224/3221226981/index.m3u8"
    ]
  },
  {
    "id": 30,
    "videoIndex": 0,
    "channel": "央视频道",
    "logo": "https://resources.yangshipin.cn/assets/oms/image/202306/10e14a92478011aa6c3c8562e62127f3b1908e29fcd78e4b2b24b9e6d3ec2fbc.png?imageMogr2/format/webp",
    "pid": "600099652",
    "sid": "2012513703",
    "programId": "600099652",
    "needToken": true,
    "mustToken": true,
    "title": "央视台球",
    "videoUrl": [
      "http://dbiptv.sn.chinamobile.com/PLTV/88888893/224/3221226956/index.m3u8"
    ]
  },
  {
    "id": 31,
    "videoIndex": 0,
    "channel": "央视频道",
    "logo": "https://resources.yangshipin.cn/assets/oms/image/202306/244d72c0eb1615ed7d51c2f5db5a67f306aa3f58c05bc2d34de3aa7e956dc8c9.png?imageMogr2/format/webp",
    "pid": "600099656",
    "sid": "2012514003",
    "programId": "600099656",
    "needToken": true,
    "mustToken": true,
    "title": "电视指南",
    "videoUrl": [
      "http://dbiptv.sn.chinamobile.com/PLTV/88888893/224/3221226987/index.m3u8"
    ]
  },
  {
    "id": 32,
    "videoIndex": 0,
    "channel": "央视频道",
    "logo": "https://resources.yangshipin.cn/assets/oms/image/202306/54a6863656fdfd8f803be193ddf22441c5000a108833889816fd2d8911715ce8.png?imageMogr2/format/webp",
    "pid": "600099651",
    "sid": "2012513503",
    "programId": "600099651",
    "needToken": true,
    "mustToken": true,
    "title": "卫生健康",
    "videoUrl": [
      ""
    ]
  },
  {
    "id": 33,
    "videoIndex": 0,
    "channel": "地方频道",
    "logo": "https://resources.yangshipin.cn/assets/oms/image/202306/9bd372ca292a82ce3aa08772b07efc4af1f85c21d1f268ea33440c49e9a0a488.png?imageMogr2/format/webp",
    "pid": "600002483",
    "sid": "2000292403",
    "programId": "600002483",
    "needToken": true,
    "mustToken": false,
    "title": "东方卫视",
    "videoUrl": [
      "http://dbiptv.sn.chinamobile.com/PLTV/88888890/224/3221226217/index.m3u8"
    ]
  },
  {
    "id": 34,
    "videoIndex": 0,
    "channel": "地方频道",
    "logo": "https://resources.yangshipin.cn/assets/oms/image/202306/4120e89d3079d08aa17d382f69a2308ec70839b278367763c34a34666c75cb88.png?imageMogr2/format/webp",
    "pid": "600002475",
    "sid": "2000296203",
    "programId": "600002475",
    "needToken": true,
    "mustToken": false,
    "title": "湖南卫视",
    "videoUrl": [
      "http://ottrrs.hl.chinamobile.com/PLTV/88888888/224/3221226307/index.m3u8",
      "http://dbiptv.sn.chinamobile.com/PLTV/88888890/224/3221226211/index.m3u8"
    ]
  },
  {
    "id": 35,
    "videoIndex": 0,
    "channel": "地方频道",
    "logo": "https://resources.yangshipin.cn/assets/oms/image/202306/7a6be5a2bb1dc53a945c016ff1f525dc4a84c51db371c15c89aa55404b0ba784.png?imageMogr2/format/webp",
    "pid": "600002508",
    "sid": "2000294503",
    "programId": "600002508",
    "needToken": true,
    "mustToken": false,
    "title": "湖北卫视",
    "videoUrl": [
      "http://ottrrs.hl.chinamobile.com/PLTV/88888888/224/3221226477/index.m3u8",
      "http://dbiptv.sn.chinamobile.com/PLTV/88888890/224/3221226194/index.m3u8"
    ]
  },
  {
    "id": 36,
    "videoIndex": 0,
    "channel": "地方频道",
    "logo": "https://resources.yangshipin.cn/assets/oms/image/202306/ac4ed6058a87c101ae7147ebc38905d0cae047fb73fd277ee5049b84f52bda36.png?imageMogr2/format/webp",
    "pid": "600002505",
    "sid": "2000281303",
    "programId": "600002505",
    "needToken": true,
    "mustToken": false,
    "title": "辽宁卫视",
    "videoUrl": [
      "http://ottrrs.hl.chinamobile.com/PLTV/88888888/224/3221226546/index.m3u8",
      "http://dbiptv.sn.chinamobile.com/PLTV/88888890/224/3221226201/index.m3u8"
    ]
  },
  {
    "id": 37,
    "videoIndex": 0,
    "channel": "地方频道",
    "logo": "https://resources.yangshipin.cn/assets/oms/image/202306/380ad685c0c1d5b2c902246b8d2df6d3f9b45e2837abcfe493075bbded597a31.png?imageMogr2/format/webp",
    "pid": "600002521",
    "sid": "2000295603",
    "programId": "600002521",
    "needToken": true,
    "mustToken": false,
    "title": "江苏卫视",
    "videoUrl": [
      "http://39.134.24.166/dbiptv.sn.chinamobile.com/PLTV/88888890/224/3221226200/index.m3u8",
      "http://dbiptv.sn.chinamobile.com/PLTV/88888890/224/3221226200/index.m3u8"
    ]
  },
  {
    "id": 38,
    "videoIndex": 0,
    "channel": "地方频道",
    "logo": "https://resources.yangshipin.cn/assets/oms/image/202306/3c760d0d00463855890e8a1864ea4a6b6dd66b90c29b4ac714a4b17c16519871.png?imageMogr2/format/webp",
    "pid": "600002503",
    "sid": "2000294103",
    "programId": "600002503",
    "needToken": true,
    "mustToken": false,
    "title": "江西卫视",
    "videoUrl": [
      "http://ottrrs.hl.chinamobile.com/PLTV/88888888/224/3221226344/index.m3u8",
      "http://dbiptv.sn.chinamobile.com/PLTV/88888890/224/3221225764/index.m3u8"
    ]
  },
  {
    "id": 39,
    "videoIndex": 0,
    "channel": "地方频道",
    "logo": "https://resources.yangshipin.cn/assets/oms/image/202306/22d403f07a7cf5410b3ad3ddb65a11aa229a32475fac213f5344c9f0ec330ca1.png?imageMogr2/format/webp",
    "pid": "600002513",
    "sid": "2000294803",
    "programId": "600002513",
    "needToken": true,
    "mustToken": false,
    "title": "山东卫视",
    "videoUrl": [
      "http://dbiptv.sn.chinamobile.com/PLTV/88888890/224/3221226209/index.m3u8"
    ]
  },
  {
    "id": 40,
    "videoIndex": 0,
    "channel": "地方频道",
    "logo": "https://resources.yangshipin.cn/assets/oms/image/202306/28886880a4dc0f06fb7e0a528a1def0591d61a65870e29176ede0cc92033bbfd.png?imageMogr2/format/webp",
    "pid": "600002485",
    "sid": "2000292703",
    "programId": "600002485",
    "needToken": true,
    "mustToken": false,
    "title": "广东卫视",
    "videoUrl": [
      "http://dbiptv.sn.chinamobile.com/PLTV/88888890/224/3221226216/index.m3u8"
    ]
  },
  {
    "id": 41,
    "videoIndex": 0,
    "channel": "地方频道",
    "logo": "https://resources.yangshipin.cn/assets/oms/image/202306/54b7e97cb816bb223fe05f3fc44da2c7820eb66e8550c19d23100f2c414ecc38.png?imageMogr2/format/webp",
    "pid": "600002509",
    "sid": "2000294203",
    "programId": "600002509",
    "needToken": true,
    "mustToken": false,
    "title": "广西卫视",
    "videoUrl": [
      "http://live.gxrb.com.cn/tv/gxtvlive03/index.m3u8",
      "http://dbiptv.sn.chinamobile.com/PLTV/88888890/224/3221225770/index.m3u8"
    ]
  },
  {
    "id": 42,
    "videoIndex": 0,
    "channel": "地方频道",
    "logo": "https://resources.yangshipin.cn/assets/oms/image/202306/657651f411de2673d1770d9a78b44c1265704f7468cc41d4be7f51d630768494.png?imageMogr2/format/webp",
    "pid": "600002531",
    "sid": "2000297803",
    "programId": "600002531",
    "needToken": true,
    "mustToken": false,
    "title": "重庆卫视",
    "videoUrl": [
      "http://ottrrs.hl.chinamobile.com/PLTV/88888888/224/3221226409/index.m3u8",
      "http://dbiptv.sn.chinamobile.com/PLTV/88888890/224/3221226202/index.m3u8"
    ]
  },
  {
    "id": 43,
    "videoIndex": 0,
    "channel": "地方频道",
    "logo": "https://resources.yangshipin.cn/assets/oms/image/202306/74925962148a6d31c85808b6cd4e444c2a54bab393d2c5fc85e960b50e22fa86.png?imageMogr2/format/webp",
    "pid": "600002525",
    "sid": "2000296103",
    "programId": "600002525",
    "needToken": true,
    "mustToken": false,
    "title": "河南卫视",
    "videoUrl": [
      "http://ottrrs.hl.chinamobile.com/PLTV/88888888/224/3221226480/index.m3u8",
      "http://dbiptv.sn.chinamobile.com/PLTV/88888890/224/3221225767/index.m3u8"
    ]
  },
  {
    "id": 44,
    "videoIndex": 0,
    "channel": "地方频道",
    "logo": "https://resources.yangshipin.cn/assets/oms/image/202306/d545becdc81c60197b08c7f47380705e4665ed3fe55efc8b855e486f6e655378.png?imageMogr2/format/webp",
    "pid": "600002493",
    "sid": "2000293403",
    "programId": "600002493",
    "needToken": true,
    "mustToken": false,
    "title": "河北卫视",
    "videoUrl": [
      "http://ottrrs.hl.chinamobile.com/PLTV/88888888/224/3221226406/index.m3u8",
      "http://dbiptv.sn.chinamobile.com/PLTV/88888890/224/3221225750/index.m3u8"
    ]
  },
  {
    "id": 45,
    "videoIndex": 0,
    "channel": "地方频道",
    "logo": "https://resources.yangshipin.cn/assets/oms/image/202306/4eb45f4781d33d872af027dc01c941559aab55667dd99cc5c22bef7037807b13.png?imageMogr2/format/webp",
    "pid": "600002490",
    "sid": "2000293303",
    "programId": "600002490",
    "needToken": true,
    "mustToken": false,
    "title": "贵州卫视",
    "videoUrl": [
      "http://ottrrs.hl.chinamobile.com/PLTV/88888888/224/3221226474/index.m3u8",
      "http://dbiptv.sn.chinamobile.com/PLTV/88888890/224/3221225793/index.m3u8"
    ]
  },
  {
    "id": 46,
    "videoIndex": 0,
    "channel": "地方频道",
    "logo": "https://resources.yangshipin.cn/assets/oms/image/202306/f4f23633c578beea49a3841d88d3490100f029ee349059fa532869db889872c5.png?imageMogr2/format/webp",
    "pid": "600002309",
    "sid": "2000272103",
    "programId": "600002309",
    "needToken": true,
    "mustToken": false,
    "title": "北京卫视",
    "videoUrl": [
      "http://ottrrs.hl.chinamobile.com/PLTV/88888888/224/3221225728/index.m3u8",
      "http://dbiptv.sn.chinamobile.com/PLTV/88888890/224/3221226222/index.m3u8"
    ]
  },
  {
    "id": 47,
    "videoIndex": 0,
    "channel": "地方频道",
    "logo": "https://resources.yangshipin.cn/assets/oms/image/202306/d8273ae9be698ce2db21f5b886ecac95a73429593f93713c60ed8c12c38bf0d3.png?imageMogr2/format/webp",
    "pid": "600002498",
    "sid": "2000293903",
    "programId": "600002498",
    "needToken": true,
    "mustToken": false,
    "title": "黑龙江卫视",
    "videoUrl": [
      "http://ottrrs.hl.chinamobile.com/PLTV/88888888/224/3221226327/index.m3u8",
      "http://dbiptv.sn.chinamobile.com/PLTV/88888890/224/3221226215/index.m3u8"
    ]
  },
  {
    "id": 48,
    "videoIndex": 0,
    "channel": "地方频道",
    "logo": "https://resources.yangshipin.cn/assets/oms/image/202306/a66c836bd98ba3e41a2e9a570d4b9c50dedc6839e9de333e2e78212ad505f37e.png?imageMogr2/format/webp",
    "pid": "600002520",
    "sid": "2000295503",
    "programId": "600002520",
    "needToken": true,
    "mustToken": false,
    "title": "浙江卫视",
    "videoUrl": [
      "http://hw-m-l.cztv.com/channels/lantian/channel01/1080p.m3u8",
      "http://dbiptv.sn.chinamobile.com/PLTV/88888890/224/3221226199/index.m3u8"
    ]
  },
  {
    "id": 49,
    "videoIndex": 0,
    "channel": "地方频道",
    "logo": "https://resources.yangshipin.cn/assets/oms/image/202306/f35fa04b51b1ee4984b03578b65403570868ebca03c6c01e11b097f999a58d9b.png?imageMogr2/format/webp",
    "pid": "600002532",
    "sid": "2000298003",
    "programId": "600002532",
    "needToken": true,
    "mustToken": false,
    "title": "安徽卫视",
    "videoUrl": [
      "http://ottrrs.hl.chinamobile.com/PLTV/88888888/224/3221226391/index.m3u8",
      "http://dbiptv.sn.chinamobile.com/PLTV/88888890/224/3221226203/index.m3u8"
    ]
  },
  {
    "id": 50,
    "videoIndex": 0,
    "channel": "地方频道",
    "logo": "https://resources.yangshipin.cn/assets/oms/image/202306/d59fec04c902e3581c617136d02d4b9b8c4cbe64272781ddd3525e80c823edb7.png?imageMogr2/format/webp",
    "pid": "600002481",
    "sid": "2000292203",
    "programId": "600002481",
    "needToken": true,
    "mustToken": false,
    "title": "深圳卫视",
    "videoUrl": [
      "http://39.134.24.166/dbiptv.sn.chinamobile.com/PLTV/88888890/224/3221226205/index.m3u8",
      "http://dbiptv.sn.chinamobile.com/PLTV/88888890/224/3221226205/index.m3u8"
    ]
  },
  {
    "id": 51,
    "videoIndex": 0,
    "channel": "地方频道",
    "logo": "https://resources.yangshipin.cn/assets/oms/image/202306/3276a414ae0eaa0f116f2045cd913367967d0c7c1e978e8621ac3879436c6ed7.png?imageMogr2/format/webp",
    "pid": "600002516",
    "sid": "2000295003",
    "programId": "600002516",
    "needToken": true,
    "mustToken": false,
    "title": "四川卫视",
    "videoUrl": [
      "http://dbiptv.sn.chinamobile.com/PLTV/88888890/224/3221225768/index.m3u8",
      "http://39.134.24.166/dbiptv.sn.chinamobile.com/PLTV/88888890/224/3221225768/index.m3u8"
    ]
  },
  {
    "id": 52,
    "videoIndex": 0,
    "channel": "地方频道",
    "logo": "https://resources.yangshipin.cn/assets/oms/image/202306/3208fe6564a293c21b711333fb3edb05bb5b406cff840573c9a8d839680a1579.png?imageMogr2/format/webp",
    "pid": "600002484",
    "sid": "2000292503",
    "programId": "600002484",
    "needToken": true,
    "mustToken": false,
    "title": "东南卫视",
    "videoUrl": [
      "http://ottrrs.hl.chinamobile.com/PLTV/88888888/224/3221226341/index.m3u8",
      "http://dbiptv.sn.chinamobile.com/PLTV/88888890/224/3221225766/index.m3u8"
    ]
  },
  {
    "id": 53,
    "videoIndex": 0,
    "channel": "地方频道",
    "logo": "https://resources.yangshipin.cn/assets/oms/image/202306/6e060391fde0469801fc3d84dbf204b4f8d650d251f17d7595a6964c0bb99e81.png?imageMogr2/format/webp",
    "pid": "600002506",
    "sid": "2000291503",
    "programId": "600002506",
    "needToken": true,
    "mustToken": false,
    "title": "海南卫视",
    "videoUrl": [
      "http://ottrrs.hl.chinamobile.com/PLTV/88888888/224/3221226465/index.m3u8",
      "http://dbiptv.sn.chinamobile.com/PLTV/88888890/224/3221225769/index.m3u8"
    ]
  },
  {
    "id": 54,
    "videoIndex": 0,
    "channel": "地方频道",
    "logo": "",
    "pid": "600152137",
    "sid": "2019927003",
    "programId": "",
    "needToken": true,
    "mustToken": false,
    "title": "天津卫视",
    "videoUrl": [
      ""
    ]
  },
  {
    "id": 55,
    "videoIndex": 0,
    "channel": "地方频道",
    "logo": "",
    "pid": "600152138",
    "sid": "2019927403",
    "programId": "",
    "needToken": true,
    "mustToken": false,
    "title": "新疆卫视",
    "videoUrl": [
      ""
    ]
  },
  {
    "id": 56,
    "videoIndex": 0,
    "channel": "国际频道",
    "logo": "https://resources.yangshipin.cn/assets/oms/image/202306/a72dff758ca1c17cd0ecc8cedc11b893d208f409d5e6302faa0e9d298848abc3.png?imageMogr2/format/webp",
    "pid": "600014550",
    "sid": "2001656803",
    "programId": "600014550",
    "needToken": false,
    "mustToken": false,
    "title": "CGTN",
    "videoUrl": [
      "http://live.cgtn.com/1000/prog_index.m3u8"
    ]
  },
  {
    "id": 57,
    "videoIndex": 0,
    "channel": "国际频道",
    "logo": "https://resources.yangshipin.cn/assets/oms/image/202306/a8d0046a47433d952bf6ed17062deb8bd2184ba9aec0f7781df6bf9487a3ffcf.png?imageMogr2/format/webp",
    "pid": "600084704",
    "sid": "2010153503",
    "programId": "600084704",
    "needToken": false,
    "mustToken": false,
    "title": "CGTN 法语频道",
    "videoUrl": [
      "https://livefr.cgtn.com/1000f/prog_index.m3u8"
    ]
  },
  {
    "id": 58,
    "videoIndex": 0,
    "channel": "国际频道",
    "logo": "https://resources.yangshipin.cn/assets/oms/image/202306/bf0a820893cbaf20dd0333e27042e1ef9c8806e5b602b6a8c95af399db0bc77a.png?imageMogr2/format/webp",
    "pid": "600084758",
    "sid": "2010152603",
    "programId": "600084758",
    "needToken": false,
    "mustToken": false,
    "title": "CGTN 俄语频道",
    "videoUrl": [
      "http://liveru.cgtn.com/1000r/prog_index.m3u8"
    ]
  },
  {
    "id": 59,
    "videoIndex": 0,
    "channel": "国际频道",
    "logo": "https://resources.yangshipin.cn/assets/oms/image/202306/2e44e2aa3e7a1cedf07fd0ae59fe69e86a60a2632660a006e3e9e7397b2d107e.png?imageMogr2/format/webp",
    "pid": "600084782",
    "sid": "2010155203",
    "programId": "600084782",
    "needToken": false,
    "mustToken": false,
    "title": "CGTN 阿拉伯语频道",
    "videoUrl": [
      "http://livear.cgtn.com/1000a/prog_index.m3u8"
    ]
  },
  {
    "id": 60,
    "videoIndex": 0,
    "channel": "国际频道",
    "logo": "https://resources.yangshipin.cn/assets/oms/image/202309/7c337e3dbe64402ec7e4678a619a4a6d95144e42f35161181ff78e143b7cf67a.png?imageMogr2/format/webp",
    "pid": "600084744",
    "sid": "2010152503",
    "programId": "600084744",
    "needToken": false,
    "mustToken": false,
    "title": "CGTN 西班牙语频道",
    "videoUrl": [
      "http://livees.cgtn.com/500e/prog_index.m3u8",
      "http://livees.cgtn.com/1000e/prog_index.m3u8"
    ]
  },
  {
    "id": 61,
    "videoIndex": 0,
    "channel": "国际频道",
    "logo": "https://resources.yangshipin.cn/assets/oms/image/202309/74d3ac436a7e374879578de1d87a941fbf566d39d5632b027c5097891ed32bd5.png?imageMogr2/format/webp",
    "pid": "600084781",
    "sid": "2010155403",
    "programId": "600084781",
    "needToken": false,
    "mustToken": false,
    "title": "CGTN 纪录频道",
    "videoUrl": [
      "https://livedoc.cgtn.com/500d/prog_index.m3u8"
    ]
  }
]